{"min": [-0.413292, -0.821069, -0.434079], "max": [0.420009, 0.776091, 0.51824]}