{"min": [-0.412435, -0.844892, -0.418627], "max": [0.402801, 0.695712, 0.465603]}