{"min": [-0.452844, -0.760901, -0.522367], "max": [0.43747, 0.701757, 0.595825]}